<?xml version="1.0" encoding="UTF-8" standalone="yes"?>
<!-- Update on 16/08/2024 B -->
<sources>
    <!-- Programs -->
    <programs>
        <default pathversion="1"></default>
    </programs>
	<!-- Video -->
    <video>
        <default pathversion="1"></default>
        <source>
            <name>Scrubs TV-Shows</name>
            <path pathversion="1">special://home/userdata/addon_data/plugin.video.scrubsv2/TVShows/</path>
            <allowsharing>true</allowsharing>
        </source>
        <source>
            <name>Scrubs Movies</name>
            <path pathversion="1">special://home/userdata/addon_data/plugin.video.scrubsv2/Movies/</path>
            <allowsharing>true</allowsharing>
        </source>
        <source>
            <name>TMDBH Movies</name>
            <path pathversion="1">special://home/userdata/addon_data/plugin.video.themoviedb.helper/movies/</path>
            <allowsharing>true</allowsharing>
        </source>
        <source>
            <name>TMDBH TV Shows</name>
            <path pathversion="1">special://home/userdata/addon_data/plugin.video.themoviedb.helper/tvshows/</path>
            <allowsharing>true</allowsharing>
        </source>
    </video>
	<!-- Music -->
    <music>
        <default pathversion="1"></default>
        <source>
            <name>MP3 Streams Downloads</name>
            <path pathversion="1">special://home/userdata/addon_data/plugin.audio.mp3streams/music/</path>
            <allowsharing>true</allowsharing>
        </source>
    </music>
	<!-- Pictures -->
    <pictures>
        <default pathversion="1"></default>		
        <source>
            <name>Downloaded Wallpapers</name>
            <path pathversion="1">special://home/addons/resource.images.skinbackgrounds.xenon/resources/custom/</path>
            <allowsharing>true</allowsharing>
        </source>
        <source>
            <name>Arcade</name>
            <path pathversion="1">special://home/addons/resource.images.skinbackgrounds.xenon/resources/Arcade/</path>
            <allowsharing>true</allowsharing>
        </source>
        <source>
            <name>Fentastic Backgrounds</name>
            <path pathversion="1">special://home/addons/skin.eminence.2.fen/extras/backgrounds/custom/</path>
            <allowsharing>true</allowsharing>
        </source>
        <source>
            <name>Eminence Backgrounds</name>
            <path pathversion="1">special://home/addons/skin.eminence.2.mod/extras/backgrounds/custom/</path>
            <allowsharing>true</allowsharing>
        </source>
    </pictures>
	<!-- Files -->
    <files>
        <default pathversion="1"></default>
        <source>
            <name>.Fils on Wave (Elementum Repo - Non-Debrid)</name>
            <path pathversion="1">https://zeWave.github.io/files/</path>
            <allowsharing>true</allowsharing>
        </source>
        <source>
            <name>[COLOR gold]16 September 2024 B[/COLOR]</name>
            <path pathversion="1">special://database/</path>
            <allowsharing>true</allowsharing>
        </source>
        <source>
            <name>1- Home</name>
            <path pathversion="1">special://home/</path>
            <allowsharing>true</allowsharing>
        </source>
        <source>
            <name>2- Skin</name>
            <path pathversion="1">special://skin</path>
            <allowsharing>true</allowsharing>
        </source>
        <source>
            <name>3- Masterprofile</name>
            <path pathversion="1">special://masterprofile</path>
            <allowsharing>true</allowsharing>
        </source>
        <source>
            <name>4- The-MovieDB-Helper Trakt</name>
            <path pathversion="1">special://home/addons/plugin.video.themoviedb.helper/resources/icons/trakt/</path>
            <allowsharing>true</allowsharing>
        </source>
        <source>
            <name>a4kSubtitles Repository (open-project: a4k-Subtitles)</name>
            <path pathversion="1">https://a4k-openproject.github.io/a4kSubtitles/packages/</path>
            <allowsharing>true</allowsharing>
        </source>
		<!-- https://github.com/Vashiel/ -->
        <source>
            <name>AdultHideout Repo (By Vashiel: AdultHideout)</name>
            <path pathversion="1">https://zewave.github.io/files/</path>
            <allowsharing>true</allowsharing>
        </source>
        <source>
            <name>Aenemapy Addons Repository (Premiumizer)</name>
            <path pathversion="1">https://aenemapy.github.io/repo/</path>
            <allowsharing>true</allowsharing>
        </source>
        <source>
            <name>Alfa Add-on Repo (Alfa-Browser)</name>
            <path pathversion="1">https://alfa-addon.com/alfa/</path>
            <allowsharing>true</allowsharing>
        </source>
        <source>
            <name>Aliunde Repository</name>
            <path pathversion="1">https://fuse99.com/aliunde/</path>
            <allowsharing>true</allowsharing>
        </source>
        <source>
            <name>Arxtic-ape (Apex Sports)</name>
            <path pathversion="1">https://arxtic-ape.github.io/</path>
            <allowsharing>true</allowsharing>
        </source>
        <source>
            <name>AutoWidget Repository (by Drinfernoo’s)</name>
            <path pathversion="1">https://drinfernoo.github.io/</path>
            <allowsharing>true</allowsharing>
        </source>
        <source>
            <name>Axbmcuser Repo (HD-Trailers.Net)</name>
            <path pathversion="1">https://axbmcuser.github.io/</path>
            <allowsharing>true</allowsharing>
        </source>
        <source>
            <name>AzzyAddons Repository (WeDoTV)</name>
            <path pathversion="1">https://azzyaddons.github.io/</path>
            <allowsharing>true</allowsharing>
        </source>
        <source>
            <name>Bugatsinho (SportHD, ReleaseBB)</name>
            <path pathversion="1">https://bugatsinho.github.io/repo/</path>
            <allowsharing>true</allowsharing>
        </source>
        <source>
            <name>Burekas (Subtitles: AllSubs Plus, Ktuvit, Wizdom, Open-Subtitles)</name>
            <path pathversion="1">https://burekaskodi.github.io/repository.burekasKodi/</path>
            <allowsharing>true</allowsharing>
        </source>
        <source>
            <name>Butter Fingers Repo (Butter Fingers Movies)</name>
            <path pathversion="1">http://j1wizard.net/butter/</path>
            <allowsharing>true</allowsharing>
        </source>
        <source>
            <name>CastagnaIT Repository (Netflix)</name>
            <path pathversion="1">https://castagnait.github.io/repository.castagnait/</path>
            <allowsharing>true</allowsharing>
        </source>
        <source>
            <name>Chains Repo (Chain-Reaction RD, Absolution RD, Zoro RD, )</name>
            <path pathversion="1">https://unhingedthemes.github.io</path>
            <allowsharing>true</allowsharing>
        </source>
        <source>
            <name>cMaN (The-Coalition, The-Wizz RD, Free, Skins, Builds)</name>
            <path pathversion="1">http://cmanbuilds.com/repo/</path>
            <allowsharing>true</allowsharing>
        </source>
        <source>
            <name>CocoScrapers Repository (for Fen+Fen-Light, Umbrella, Twilight)</name>
            <path pathversion="1">https://cocojoe2411.github.io/</path>
            <allowsharing>true</allowsharing>
        </source>
        <source>
            <name>Cywteow (DramaCool)</name>
            <path pathversion="1">https://cywteow.github.io/repo/</path>
            <allowsharing>true</allowsharing>
        </source>
        <source>
            <name>Diggz Repo (Builds)</name>
            <path pathversion="1">https://diggz1.me/diggzrepo/</path>
            <allowsharing>true</allowsharing>
        </source>
        <source>
            <name>Dis90 Add-on Repository (Discovery+)</name>
            <path pathversion="1">https://dis90.github.io/repo/</path>
            <allowsharing>true</allowsharing>
        </source>
        <source>
            <name>Djay Themes (Skin-Helper-Service-Widgets, Super-Favorites)</name>
            <path pathversion="1">http://djaythemes.xyz/dj/</path>
            <allowsharing>true</allowsharing>
        </source>
        <source>
            <name>Dobbelina (Cumination)</name>
            <path pathversion="1">https://dobbelina.github.io</path>
            <allowsharing>true</allowsharing>
        </source>
        <source>
            <name>Doco-Desuka (Order-Favourites)</name>
            <path pathversion="1">https://doko-desuka.github.io</path>
            <allowsharing>true</allowsharing>
        </source>
        <source>
            <name>DoomzDay (Fetch)</name>
            <path pathversion="1">https://doomzdayteam.github.io/doomzday/</path>
            <allowsharing>true</allowsharing>
        </source>
        <source>
            <name>Drinfernoo’s (AutoWidget)</name>
            <path pathversion="1">https://drinfernoo.github.io/</path>
            <allowsharing>true</allowsharing>
        </source>
		<!-- https://github.com/ElementumOrg/repository.elementumorg/releases/ -->
        <source>
            <name>ElementumOrg Repository (by Elgatito: Elementum Non-Debrid)</name>
            <path pathversion="1">https://zeWave.github.io/files/</path>
            <allowsharing>true</allowsharing>
        </source>
        <source>
            <name>Ezzer-Macs (M.E.T.V RD)</name>
            <path pathversion="1">https://ezzer-mac.com/repo/</path>
            <allowsharing>true</allowsharing>
        </source>
        <source>
            <name>Fido Repository (Fido.K19)</name>
            <path pathversion="1">http://fantazyrepo.uk/repo/</path>
            <allowsharing>true</allowsharing>
        </source>
        <source>
            <name>French DJ HD (Music)</name>
            <path pathversion="1">https://alivegr.net/master/</path>
            <allowsharing>true</allowsharing>
        </source>
        <source>
            <name>Fishenzon (Idan+ Plus)</name>
            <path pathversion="1">https://fishenzon.github.io/</path>
            <allowsharing>true</allowsharing>
        </source>
        <source>
            <name>FunStersPlace Repository (Gartis, Builds)</name>
            <path pathversion="1">https://funstersplace.net/funs/</path>
            <allowsharing>true</allowsharing>
        </source>
        <source>
            <name>GearHeads Repo (by RacingOnDemand: Torque-Lite)</name>
            <path pathversion="1">http://racingondemand.xyz/repo/</path>
            <allowsharing>true</allowsharing>
        </source>
        <source>
            <name>GrindHouse (9 Lives RD)</name>
            <path pathversion="1">http://grindhousekodi.us/repo</path>
            <allowsharing>true</allowsharing>
        </source>
        <source>
            <name>Gtking-build</name>
            <path pathversion="1">https://gtkingbuild.github.io/</path>
            <allowsharing>true</allowsharing>
        </source>
        <source>
            <name>Gujal Addons Repository (ResolveURL)</name>
            <path pathversion="1">https://Gujal00.github.io/</path>
            <allowsharing>true</allowsharing>
        </source>
        <source>
            <name>Hooty's Repository (Kaito, Otaku)</name>
            <path pathversion="1">https://goldenfreddy0703.github.io/repository.hooty/</path>
            <allowsharing>true</allowsharing>
        </source>
        <source>
            <name>ivarbrandt (FENtastic, Nimbus - 3rd Party Skin)</name>
            <path pathversion="1">https://ivarbrandt.github.io/repository.ivarbrandt/</path>
            <allowsharing>true</allowsharing>
        </source>
        <source>
            <name>iVue2 TV Guide Repo (iVue2 TV Guide Creator)</name>
            <path pathversion="1">https://ivuetvguide.com/install/</path>
            <allowsharing>true</allowsharing>
        </source>
        <source>
            <name>JewBMX (ScrubsV2 Non-Debrid, Json IPTV)</name>
            <path pathversion="1">https://jewbmx.github.io/</path>
            <allowsharing>true</allowsharing>
        </source>
		<!-- https://github.com/jmooremcc/Repository.jmooremcc -->
        <source>
            <name>jmooremcc Addons (Super-Favorites, Live TV Playlist)</name>
            <path pathversion="1">https://zeWave.github.io/files</path>
            <allowsharing>true</allowsharing>
        </source>
        <source>
            <name>JurialMunkey (TheMovieDB-Helper)</name>
            <path pathversion="1">https://jurialmunkey.github.io/repository.jurialmunkey/</path>
            <allowsharing>true</allowsharing>
        </source>
        <source>
            <name>Kodi+RD Repo (DarkSubs, Twilight RD)</name>
            <path pathversion="1">https://kodi7rd.github.io/repository/</path>
            <allowsharing>true</allowsharing>
        </source>
        <source>
            <name>Kodi+RD Wizard (Estuary Build)</name>
            <path pathversion="1">https://kodi7rd.github.io/wizard/</path>
            <allowsharing>true</allowsharing>
        </source>
        <source>
            <name>Kodi FitzWell (afFENity Fen clone/fork, Dradis RD)</name>
            <path pathversion="1">https://kodifitzwell.github.io/repo/</path>
            <allowsharing>true</allowsharing>
        </source>
		<!-- https://repo.kodinerds.net/ -->
        <source>
            <name>KodiNerds Addon Repo (TV Live Addons)</name>
            <path pathversion="1">https://zeWave.github.io/files/</path>
            <allowsharing>true</allowsharing>
        </source>
        <source>
            <name>Loop repository (The Loop)</name>
            <path pathversion="1">https://loopaddon.uk/theloop/</path>
            <allowsharing>true</allowsharing>
        </source>
        <source>
            <name>Lost Soul (formerly Narcacist) (Asgard, MagicDragon, Shadow, Shazam, KodiVerse, Patriot, BlackWhite-Movies, Torque-Lite)</name>
            <path pathversion="1">http://mylostsoulspace.co.uk/repo/</path>
            <allowsharing>true</allowsharing>
        </source>
        <source>
            <name>Lunatixz Beta Reposirory (Master)(LiveTV Addons)</name>
            <path pathversion="1">https://zewave.github.io/files/</path>
            <allowsharing>true</allowsharing>
        </source>
        <source>
            <name>Magnetic (Nightwing Non-Debrid, Mad-Titan-Sports)</name>
            <path pathversion="1">http://magnetic.website/repo/</path>
            <allowsharing>true</allowsharing>
        </source>
        <source>
            <name>MarcelVeldt's Beta Repository (Skin Helper Service Widgets)</name>
            <path pathversion="1">https://kodi-community-addons.github.io/repository.marcelveldt/</path>
            <allowsharing>true</allowsharing>
        </source>
        <source>
            <name>MB-Kodi Repository (Insert/Swap Kodi Favorites)</name>
            <path pathversion="1">https://m-borsch.github.io/MB-KODI/</path>
            <allowsharing>true</allowsharing>
        </source>
        <source>
            <name>Mbebe (Sportowa, TV-Series)</name>
            <path pathversion="1">https://mbebe.github.io/blomqvist/</path>
            <allowsharing>true</allowsharing>
        </source>
		<!-- https://github.com/MetalChris/repository.matrix/tree/main/zips/repository.matrix -->
        <source>
            <name>MetalChris' Matrix Repository (RedBox)</name>
            <path pathversion="1">https://zeWave.github.io/files/</path>
            <allowsharing>true</allowsharing>
        </source>
        <source>
            <name>MisFitMods (Builds)</name>
            <path pathversion="1">http://misfitmods.com/mmwiz/repo/</path>
            <allowsharing>true</allowsharing>
        </source>
		<!-- https://github.com/Mariusz89B/mods-kodi/raw/master/repository.mods-kodi/ -->
        <source>
            <name>mods-kodi Repository</name>
            <path pathversion="1">https://github.com/Mariusz89B/mods-kodi/raw/master/repository.mods-kodi/</path>
            <allowsharing>true</allowsharing>
        </source>
        <source>
            <name>mtr81</name>
            <path pathversion="1">https://mtr81.github.io/kodi_addons/</path>
            <allowsharing>true</allowsharing>
        </source>
        <source>
            <name>New DiamondInfo_Mod Repo</name>
            <path pathversion="1">https://henryjfry.github.io/repository.thenewdiamond/</path>
            <allowsharing>true</allowsharing>
        </source>
        <source>
            <name>Nixgates (Seren RD)</name>
            <path pathversion="1">https://nixgates.github.io/packages/</path>
            <allowsharing>true</allowsharing>
        </source>
        <source>
            <name>Octopus (Alvin, tvOne111)</name>
            <path pathversion="1">https://fuse99.com/octopus/</path>
            <allowsharing>true</allowsharing>
        </source>
        <source>
            <name>OffSpring (INSOMNIA RD)</name>
            <path pathversion="1">https://m3atp1zza.github.io/Install_OffSpring/</path>
            <allowsharing>true</allowsharing>
        </source>
        <source>
            <name>OnePlay  (Thunder)</name>
            <path pathversion="1">https://oneplayhd.com/oneplay/</path>
            <allowsharing>true</allowsharing>
        </source>
        <source>
            <name>Otaku (Anime)</name>
            <path pathversion="1">https://goldenfreddy0703.github.io/repository.otaku/</path>
            <allowsharing>true</allowsharing>
        </source>
        <source>
            <name>Peno64 (EZ Maintenance, Local-Subtitle)</name>
            <path pathversion="1">https://peno64.github.io/repository.peno64/</path>
            <allowsharing>true</allowsharing>
        </source>
        <source>
            <name>Pikdum's Repo</name>
            <path pathversion="1">https://pikdum.github.io/repository.pikdum/</path>
            <allowsharing>true</allowsharing>
        </source>
        <source>
            <name>Red Repo (MP3 Streams, tvOne, tvOne111, tvOne112, tvOne1112)</name>
            <path pathversion="1">https://repo.redwizard.xyz/</path>
            <allowsharing>true</allowsharing>
        </source>
		<!-- https://github.com/OnePlayHD/OneRepo/tree/master/matrix/One.repo -->
        <source>
            <name>Repositorio: ONE-PLAY</name>
            <path pathversion="1">https://zeWave.github.io/files/</path>
            <allowsharing>true</allowsharing>
        </source>
        <source>
            <name>Rising-Tides (Sports)</name>
            <path pathversion="1">http://mullafabz.xyz/Repository/K19/</path>
            <allowsharing>true</allowsharing>
        </source>
        <source>
            <name>Rocks Repository (DreamZBeats, Strike's AllSportz Recaps)</name>
            <path pathversion="1">https://www.rockodi.com/</path>
            <allowsharing>true</allowsharing>
        </source>
		<!-- https://github.com/rocky4546/gominoa-xbmc-addons/repo/repository.rocky4546/ -->
        <source>
            <name>rocky4546's XBMC Addons</name>
            <path pathversion="1">https://github.com/rocky4546/gominoa-xbmc-addons/blob/master/repo/repository.rocky4546/</path>
            <allowsharing>true</allowsharing>
        </source>
		<!-- https://github.com/Sandmann79/xbmc/tree/master/packages/repository.sandmann79.plugins/ -->
        <source>
            <name>Sandmann79s Repository</name>
            <path pathversion="1">https://github.com/Sandmann79/xbmc/tree/master/packages/repository.sandmann79.plugins/</path>
            <allowsharing>true</allowsharing>
        </source>
        <source>
            <name>SlyGuy InputStream Helper Wrapper Repository</name>
            <path pathversion="1">http://slyguy.uk/</path>
            <allowsharing>true</allowsharing>
        </source>
        <source>
            <name>SlyGuy (Paramount, Hulu, ESPN PPV)</name>
            <path pathversion="1">http://k.slyguy.xyz/</path>
            <allowsharing>true</allowsharing>
        </source>
        <source>
            <name>Stream Army (Nemesis AIO, EnterTain Me)</name>
            <path pathversion="1">http://streamarmy.co.uk/repo/</path>
            <allowsharing>true</allowsharing>
        </source>
		<!-- https://github.com/tdw1980/tdw/ -->
        <source>
            <name>TDW1980 Addons</name>
            <path pathversion="1">https://github.com/tdw1980/tdw/</path>
            <allowsharing>true</allowsharing>
        </source>
		<!-- https://github.com/tecbec/ -->
        <source>
            <name>tecbec's Repository</name>
            <path pathversion="1">https://tecbec.github.io/StartofCompWorlds/</path>
            <allowsharing>true</allowsharing>
        </source>
        <source>
            <name>The709Repo (by Zaxxon 709 - MaxQL, Account-Manager, Builds)</name>
            <path pathversion="1">https://zaxxon709.github.io/repo/</path>
            <allowsharing>true</allowsharing>
        </source>
        <source>
            <name>The Crew (DaddyLive, Homelander, Ghost, MORIA, The_Coalition; Luffy)</name>
            <path pathversion="1">https://team-crew.github.io/</path>
            <allowsharing>true</allowsharing>
        </source>
        <source>
            <name>TheLab Repository</name>
            <path pathversion="1">https://th3l48.github.io/TheLab/</path>
            <allowsharing>true</allowsharing>
        </source>
		<!-- https://github.com/arnesongit/repository.tidal2/tree/main/repository.tidal2 -->
        <source>
            <name>TIDAL2 Addons</name>
            <path pathversion="1">https://github.com/arnesongit/repository.tidal2/tree/main/repository.tidal2/</path>
            <allowsharing>true</allowsharing>
        </source>
        <source>
            <name>Tikipeter (Fen + Fen Light) </name>
            <path pathversion="1">https://tikipeter.github.io/packages</path>
            <allowsharing>true</allowsharing>
        </source>
        <source>
            <name>Twisted Nuts Repo (Twisted-TV)</name>
            <path pathversion="1">http://twistednutz.xyz/repo/</path>
            <allowsharing>true</allowsharing>
        </source>
        <source>
            <name>Umbrella (RD)</name>
            <path pathversion="1">https://umbrellaplug.github.io/</path>
            <allowsharing>true</allowsharing>
        </source>
        <source>
            <name>vStream Repository</name>
            <path pathversion="1">https://kodi-vstream.github.io/repo/</path>
            <allowsharing>true</allowsharing>
        </source>
        <source>
            <name>Wave (Telegram's Player - Telemedia)(Fen + Fen Light, Playlist-Loader, MP3-Streams, Force-Close-Kodi, EZ-Maintenance+, Subtitels, Builds			)</name>
            <path pathversion="1">https://zeWave.github.io/Wave/</path>
            <allowsharing>true</allowsharing>
        </source>
        <source>
            <name>Where the Monsters Live (Wolf-Pack)</name>
            <path pathversion="1">https://www.midian.appboxes.co/repo/</path>
            <allowsharing>true</allowsharing>
        </source>
		<!-- https://l3grthu.com/repos/wodrepo/ -->
        <source>
            <name>Wrestling Repository (WOD)</name>
            <path pathversion="1">https://zewave.github.io/files/</path>
            <allowsharing>true</allowsharing>
        </source>
		<!-- https://github.com/xbmc-adult/xbmc-adult/tree/ghmaster/repository.xbmcadult -->
        <source>
            <name>XBMC-Adult Addons (Empflix, VideoDevil)</name>
            <path pathversion="1">https://zewave.github.io/files/</path>
            <allowsharing>true</allowsharing>
        </source>
        <source>
            <name>xStream Repository</name>
            <path pathversion="1">https://streamxstream.github.io/xStreamRepoWeb/</path>
            <allowsharing>true</allowsharing>
        </source>
        <source>
            <name>Xtasy D Repo</name>
            <path pathversion="1">https://zewave.github.io/files/</path>
            <allowsharing>true</allowsharing>
        </source>
        <source>
            <name>Ytmusic's Repository (by GoldenFreddy0703: YT Music EXP)</name>
            <path pathversion="1">https://goldenfreddy0703.github.io/repository.ytmusic/</path>
            <allowsharing>true</allowsharing>
        </source>
		<!-- https://github.com/zach-morris/repository.zachmorris/tree/master/repository.zachmorris -->
        <source>
            <name>Zach Morris Addons</name>
            <path pathversion="1">https://github.com/zach-morris</path>
            <allowsharing>true</allowsharing>
        </source>
    </files>
	<!-- Games -->
    <games>
        <default pathversion="1"></default>
		
        <source>
            <name>Atari 2600</name>
            <path pathversion="1">special://home/userdata/Games/Atari 2600/</path>
            <allowsharing>true</allowsharing>
        </source>
        <source>
            <name>Nintendo_NES</name>
            <path pathversion="1">special://home/userdata/Games/Nintendo_NES/</path>
            <allowsharing>true</allowsharing>
        </source>
        <source>
            <name>super-nintendo</name>
            <path pathversion="1">https://emulator.games/roms/super-nintendo/</path>
            <allowsharing>true</allowsharing>
        </source>
        <source>
            <name>NES</name>
            <path pathversion="1">https://the-eye.eu/public/rom/NES/</path>
            <allowsharing>true</allowsharing>
        </source>
    </games>
</sources>
